Company Name,Job Profile,Individual Stipend
Edelweiss Financial Services,Business Analysis, 15000 /month
Reliance Industries Limited,Event Management, 10000 /month
Shangrila Corporate Services Private Limited,Social Media Marketing, 7000 /month
Zomato Media Private Limited,Business Development (Lead Generation), 15000 /month
Devlance,Mobile App Development, 10000 /month
Mates And Mods,Marketing, 7000 /month
Rubikon Labs,Web Development, 15000-25000 /month
Devlance,LAMP Stack Web Development, 10000 /month
Devlance,Flutter Development, 10000 /month
ThinkPen Media Private Limited,Web Development, 6000-8000 /month
Devlance,MERN Stack Web Development, 10000 /month
Fashionablyin,Social Media Marketing, 8000-15000 /month
Bullmen Realty India Private Limited,Business Development (Sales), 25000 /month
1Only Host,Business Development (Sales), 2000-7000 /month
Edufu Technologies Private Limited,ReactJS development, 8000 /month
BooksApp,iOS App Development, 10000-12500 /month
Bullmen Realty India Private Limited,Business Development (Sales), 25000 /month
MandatoryTrendz,Business Development (Sales), 10000 /month
PerfectlyOkay,Website Assistance, 8000 /month
SOLIR Group,Marketing, 8000-16000 /month
Kalpas Innovations Private Limited,DevOps Development, 10000 /month
SchoolMitra,Graphic Design, 5000-7500 /month
SaffireTech,Web Development, 8000 /month
Rydeu Logistics UG,Sales (B2B) & Lead Generation, 10000-15000 /month
PP Technologies,Programming & PCB Designing, 10000 /week
Rydeu Logistics UG,SEO Development (React.js), 10000-15000 /month
The Renal Project,Front End Development, 5000-10000 /month
TechWeirdo Consultancy Private Limited,Django Development, 15000-25000 /month
OceanFrogs,Angular 12 Development, 20000-25000 /month
Shubhchintak,Graphic Design, 4000-6000 /month
Gadgets Geek India,B2C Sales, 8000 /month +  Incentives
LeapUp India,Graphic Design, 6000 /month
ValueFirst Digital Media Private Limited,Business Development (Sales), 10000 /month
Bollygrad Studioz,Graphic Design, 5000-10000 /month
Techera Knowledge And Careers,Business Development (Sales), 1500-6000 /month
Techera Knowledge And Careers,Marketing, 4000-8000 /month
Innovacio Technologies,ReactJS/React Native/Node.js Developmnet, 7000 /month
Emoha Eldercare,Information Technology, 20000 /month
Tiyana Incorporation,Business Development (Sales), 15000-20000 /month
Iraitech Innovations & Technologies Private Limited,Machine Learning, 7000-14000 /month
ThrivingZen (OPC) Private Limited,Graphic Design, 6000-12000 /month
Experts Bazaar,Graphic Design, 10000 /month
DigitaArch.com,Business Development (Sales), 10000 lump sum
Mirador,Graphic Design, 10000 /month
Travancore Systems,C# Development, 6000 /month +  Incentives
EDUX,Marketing, 5000-10000 /month
Ekatvam Innovations,Python Development, 5000-10000 /month
Blockchain Tree Private Limited,Graphic Design, 8000-15000 /month
IDMD Academy,Marketing, 10000 /month +  Incentives
9I Digital Services LLP,Front End Development(React), 5000-9000 /month
Medyug Technology Private Limited,Business Development (Sales), 15000-20000 /month
ApexSkill,Mobile App Development, 5500-10000 /month
Truechip Solutions,Business Development (Sales), 8000 /month
Skygoal,Full Stack Mobile Application Development (React Native), 5000-8000 /month
Marktechpost LLC,Graphic Design, 10000 /month
MyWays,NodeJS Development, 4000-7000 /month
Eat Nino Private Limited,Graphic Design, 5000-10000 /month
UFaber Edutech,STEM Content Development, 8000 /month
Selection Wala Overseas Pty Limited,Education Counseling, 10000-18000 /month
UFaber Edutech,Product Design, 8000 /month
Deepak Kandpal (Walla Habibi App),Mobile App Development, 4000-7000 /month
Growth Best,Marketing, 1000-6000 /month
E-trainer Analytics Wizard Private Limited,Web Development, 10000-15000 /month
Big Internet E-commerce Private Limited,Marketing, 10000 /month
Doctor Digial,Graphic Design, 6000 /month
GrowthGear,Front End Development, 10000 /month
Across The Globe (ATG),Business Development, 3500-7000 /month
Flytant Developers Private Limited,Mobile App Development, 7500 /month
Learning Curve- My Personal Tutor,Sales And Marketing, 22000-25000 lump sum
Mookuthi Jewellery LLP,Graphic Design, 15000 /month
Experimental Technologies Private Limited,Graphic Design, 7000 /month
TransWeb Global Incorporation,Subject Matter Expert (Civil Engineering), 10000 /month
Study Cloud,HOD Of Robotics & Coding, 4000-8000 /month
Keystone Principal Associates,Graphic Design, 7000 /month
E-StudyPal,Graphic Design, 6000 /month
Rydeu Logistics UG,Backend Development (Node.js), 10000-15000 /month
Foodwalas,Business Development (Sales), 3000-6000 /month
Darwin Digitech,Web Development, 5000-8000 /month
Epsilon International,Web Development, 8000-12000 /month
Futops Technologies India Private Limited,Computer Vision Engineering, 10000-20000 /month
PURC Organics,Graphic Design, 8000 /month
Keysight Technologies,SPICE Model Development, 20000 /month
OyeLabs,ReactJS development, 5000-10000 /month
Sakshi,Web Development, 7500 /month
Crossways Gourmet Foods,Business Development (Sales), 6500 /month
Tangerine Innovation Labs Private Limited,Frontend Development, 20000 /month
OyeLabs,Business Development (Sales), 5000-10000 /month
URBANHANDS PRIVATE LIMITED,Business Development (Sales), 6000 /month
Passosync Analytics,Web Development, 10000 /month
Think Gestalt,Android Development, 6000-8000 /month
Embedded Technosolutions,Graphic Design, 5000-7000 /month
Blackcoffer,Full Stack Development (MERN), 8000-12000 /month
NatWest Group,Full Stack Application Development, 15000 /month
K21 Academy,Graphic Design, 10000 /month
Robocom International,C Programming, 3000-8000 /month
Cheerio Digital Solutions Private Limited,Graphic Design, 10000 /month
Foodistaan,Graphic Design, 5000-8000 /month
Glorio Technologies Private Limited,Mobile App Development, 8000-12000 /month
AFTR Global,Graphic Design, 15000-25000 /month
Wizklub Learning,Marketing, 12000 /month
Digital Folks Cooperation,Graphic Design, 8000-15000 /month
Bullmen Realty India Private Limited,Business Development (Sales), 15000-25000 /month
Grivaa Consultancy Services,Mobile App Development, 5000-8000 /month
Cancard,Web Development, 10000-12000 /month
BunkIn Hospitality Private Limited,Graphic Design, 6000 /month
FinsightAI Technologies Private Limited,Computer Vision, 8000-16000 /month
Netcore Cloud,Marketing, 10000-12000 /month
Iraitech Innovations & Technologies Private Limited,Full-Stack (MERN Stack) Development, 7000-14000 /month
Entrepreneur Growth Lab (OPC) Private Limited,Graphic Design, 4000-7000 /month
EnR Consultancy Services,Internet Of Things (IoT), 3000-8000 /month
NSL Impex Private Limited,Web Development, 13500 /month
NSL Impex Private Limited,Graphic Design, 14500 /month
Anyvair Ventures Private Limited,Graphic Design, 6000 /month
NSL Impex Private Limited,Marketing, 12000 /month
NSL Impex Private Limited,Mobile App Development, 20000 /month
NSL Impex Private Limited,Web Development, 15000 /month
Guruji Astro,Graphic Design, 12000 /month
Across The Globe (ATG),Product Management, 2500-7000 /month
Error Technologies,React Native Development (Redux), 6000 /month
DigiBoxx,Mobile App Development, 7000 /month
ICode School Of Computer Science (Mumbai),Teaching (Information Technology), 10000 /month
Textify AI,Backend Development, 10000-20000 /month
Ebisu Technologies Private Limited,React Native Development, 15000 /month
Knizy Technologies Private Limited,Web Development, 8000-12000 /month
SheAisha,Business Development (Sales), 7000-12000 /month
Knizy Technologies Private Limited,Web Development, 8000-15000 /month
Namastay,Business Development (Sales), 6000-12000 /month
Adjar,Business Development (Sales), 10000 /month
Curl Cure,Graphic Design, 7000 /month
Adstacks Media,Business Development (Sales), 10000 /month
AlphaStocks,Web Development, 40000-50000 /month
Proffus,Graphic Design, 6000-10000 /month
Feednet Solutions Private Limited,Azure Development, 6000-12000 /month
Techolution,QA, 15000 /month
Datakue Services Private Limited,Graphic Design, 8000 /month
Encompass Ideas,Graphic Design, 10000 /month
Peopleist India Private Limited,Mobile App Development, 20000 /month
Hermanos,WordPress Development, 3000-6000 /month
Rezolut Infotech,Web Development, 12000 /month
Entremax Global Solutions,Marketing, 10000 /month +  Incentives
SUPROS,Marketing, 3000-6000 /month
SIRPI Products & Services Private Limited,Technical Project Management, 14000 /month
VP Delivery Services Private Limited,Graphic Design, 6000 /month
UFaber Edutech,Backend Development, 8000 /month
VDerive,Windows Programming, 800-4000 /week
Breakitivity,Mobile App Development, 5000-10000 /month
AdvantIoT,Web Development, 10000 /month
Shadovein,Photoshop Editing, 3000-6000 /month
Assure,Business Development (Sales), 15000 /month
Devlance,Blockchain Development, 15000 /month
Nuvoretail,Full Stack Development, 15000 /month
Durvesh Santosh Naik,Web Development, 6500 /month
Growthic,Web Development, 7000-10000 /month
Nasya Software Technologies Private Limited,Python Full Stack Development, 5000-8000 /month
MetaboliX,Business Development (Sales), 10000 /month
Security Software & Solutions LLP,.NET Development, 10000 /month
StartupLanes,Graphic Design, 10000 /month
Better Earth Jewels,No-code Development (Bubble.io), 8000-15000 /month
Vayuz Technologies Private Limited,Flutter Development, 15000 /month
Apex Classes,Web Development, 20000 /month
Latx Technologies,Business Development (Sales), 2000-7000 /month
Emerging Brilliance,Business Development (Sales), 7000-10000 /month
Bridcodes Global Private Limited,Software Testing, 5000-7000 /month
Brandintelle,Software Development, 6000-8000 /month
4M Global Solutions Private Limited,Business Development (Sales), 12000 /month
Metricoid Technology Solutions Private Limited,Full Stack Development, 7000 /month
Argoid.ai,Market Research Analysis, 15000 /month
Mindstein Software (MNDS Technology (OPC) Private Limited),Flutter App Development, 4000-6000 /month
BrandTouch & Analytics Private Limited,Growth Mangement, 8000-10000 /month
One Stop Biology,Business Development (Sales), 15000-25000 /month
Redpositive Service (OPC) Private Limited,Mobile App Development (React Native), 8000-15000 /month
ExactSpace,Data Engineering, 8000 /month
Donut Delights,Graphic Design, 10000 /month
WebScoot.io,Linux Server Administration (Cloud), 12500-15000 /month
Webhooters,Business Development (Sales), 6000 /month
GrayQuest Education Finance Private Limited,Quality Analysis, 6000 /month
EVidyaloka,Business Development (Sales), 10000 /month
Dealfind,Business Development (Sales), 6000-9000 /month
Coffee Hours Club,Graphic Design, 6000 /month
Centillion,Placements & Partnership Management, 7000-12000 /month
Iraitech Innovations & Technologies Private Limited,Backend Development, 7000-14000 /month
Beyond Extremes,Graphic Design, 12000 /month
The SMarketers,Web Development, 10000 /month
Office Chalao,Marketing, 15000 /month
Kan Innovations,Marketing, 8000 /month
Inmovidu Technologies,Marketing, 6000 /month
Datastack Technologies Private Limited,ASP.NET Development, 7000-12000 /month
Almond Solutions Private Limited,Graphic Design, 4000-6000 /month
Setlmint,Web Development, 7500 /month
Its For You Private Limited,Software Testing, 10000-20000 /month
SkinnYoga,Graphic Design, 10000 /month +  Incentives
Himalaya Labs,Graphic Design, 8000 /month
Avodha,Graphic Design, 6000 /month
Techma IT Services Private Limited,PHP Development, 9000-12000 /month
One Stone,Business Development (Sales), 7000-12000 /month
Scholenberg International Private Limited,Marketing, 10000 /month
Asthra Projects Group,Graphic Design, 6000-10000 /month
Mirus Solutions Private Limited,Marketing, 5000-10000 /month
Gamapp Sportswizz League,Front End Development, 10000 /month
Complete Solutions,Marketing, 7000 /month
Gamapp Sportswizz League,Backend Development, 10000 /month
Ashutosh Pandit,Business Development (Sales), 10000 /month +  Incentives
Honest Designs,Graphic Design, 4000-9000 /month
Bditto,Flutter Development, 8000-12000 /month
CogniAble,Software Testing, 7000 /month
Tars (Tarsense Technologies Private Limited),Full Stack Development, 30000 /month
QuikieApps,Mobile App Development, 20000 /month
LaughGuru,Marketing, 4000-7000 /month
Learning Brothers,Business Development (Sales), 5000-10000 /month
Tredence Analytics Solution,Marketing, 25000 /month
Republic Of Sellers,Graphic Design, 5000-6500 /month
AffinityAnswers,Front End Engineering, 27000 /month
RashTech Info,Graphic Design, 8000 /month
LogIQids,Marketing, 10000 /month
Nemesis Consultants LLP,Python Development, 8000 /month
Voosh Foods,Graphic Design, 6000 /month
Canpe Solutions,Platform And Operations Engineering, 6000-7000 /month
Metricoid Technology Solutions Private Limited,PHP Development, 7000 /month
CreditVidya,Mobile App Development, 15000 /month
Varlyq Technologies,Web Development, 6000 /month
Kenmark ITan Solutions,Angular Development, 15000-20000 /month
Canpe Solutions,Software Development Engineering, 8000-10000 /month
SFT Technologies India,Graphic Design, 12000 /month
Eassy Innovative Services Private Limited,Graphic Design, 15000-20000 /month
Metricoid Technology Solutions Private Limited,PHP Development, 20000-30000 /month
Taqtics,React Native Development, 7000 /month
Antino Labs Private Limited,Android App Development (Kotlin), 10000-15000 /month
NCR Eduservices Private Limited,Business Development (Sales), 6000 /month
Maximl Labs Private Limited,Graphic Design, 15000-20000 /month
SkillSanta,Teaching (Technical), 18000 /month
Aim2Excel,Mobile App Development, 2000-6000 /month
Nvogue Design Studio,Graphic Design, 10000 /month
Voosh Foods,Business Development (Sales), 6000 /month
Electra Ventures,Marketing, 12500 /month
Euman Therapeutics,Graphic Design, 15000-25000 /month
SIRPI Products & Services Private Limited,API Development (Flask And Node.js), 14000 /month
Recit,Graphic Design, 17500-22500 /month
Wednesday Solutions,Flutter/Dart Development, 8000 /month
TStock Mantra Investments,Graphic Design, 5000-10000 /month
Dough One Sources Private Limited,Marketing, 9500 /month
Grabye Media,Graphic Design, 2000-6000 /month
TechWeirdo Consultancy Private Limited,Business Development (Sales), 10000 /month
Mslate Healthcare Private Limited,Software Testing, 5000-10000 /month
Digite Incorporated,Front End Development, 20000 /month
Embedded Technosolutions,Embedded Systems, 10000-14000 /month
Techera Knowledge And Careers,Marketing, 2000-6000 /month
SurePass Technologies Private Limited,Python Development, 10000 /month
Lodha Ivory Technologies,Mobile App Development, 20000 /month
MapOut,Visual Design, 20000-30000 /month
LenzGig,Business Development (Sales), 10000 /month
Yellow Oak Realty,Business Development (Sales), 10000-15000 /month
Ohfound Tech,Full Stack Development, 25000 /month
PRIXLED,Web Development (Redux), 6000-10000 /month
NeoSOFT Technologies,Marketing, 8000 /month
Last Minute Shots,Graphic Design, 5000-10000 /month
Millibot LLP,Business Development (Sales), 3000-8000 /month
Peoplicity Private Limited,Web Development, 10000 /month
Nxt Quantum Technologies,Full Stack Development, 7000-12000 /month
Chat360,Web Development, 10000 /month
Bizotics,Web Development, 17000 /month
Unbound,Business Development (Sales), 8000 /month
Emoha Eldercare,Zoho (Coding), 20000 /month
Breakout,Graphic Design, 5000-7000 /month
Barcode Entertainment,Marketing, 10000 /month
Exalogic Consulting,React Native, 7000-14000 /month
Tiyana Incorporation,Business Development (Sales), 10000-15000 /month
Antino Labs Private Limited,Angular.js Development, 10000-15000 /month
Ravtek,B2C Sales, 8000-15000 /month
The One World,Graphic Design, 10000 /month
Able Jobs,Sales And Marketing, 12000-15000 /month
Bridcodes Global Private Limited,Graphic Design, 8000-12000 /month
Bharati Robotic Systems,Mobile App Development, 6000-10000 /month
Playgator,Mobile App Development, 10000 /month
Trisetra,Computer Vision Labeling, 20000-25000 /month
Sarvajna Info Tech LLP,Web Development, 7000-10000 /month
Blaash Gaming Solutions Private Limited,Game Development, 9000 /month
Go Digital Technology Consulting,Data Engineering, 16000 /month
Würfel,Marketing, 7000 /month
Adrija Chakrabarti,Graphic Design, 10000-20000 /month
Brandintelle,Product Management, 9000-12000 /month
Adrija Chakrabarti,Graphic Design, 10000-20000 /month
ISchoolConnect Technologies India,Marketing, 10000 /month
9I Digital Services LLP,Android App Development, 6000-10000 /month
Laxaar,React UX/UI Development, 8000-10000 /month
9I Digital Services LLP,Web Development, 5000-8000 /month
Saadho Sangha Foundation,Web Development, 8000-10000 /month
Fast Grip,Graphic Design, 10000 /month
Adrija Chakrabarti,Graphic Design, 10000-20000 /month
Ekostay LLP,Social Media Creative Management, 10000-12000 /month
ILS Network,WordPress Website Development, 5000-8000 /month
Platos,Web Development, 15000-25000 /month
Cusmat,Unity AR/VR Development, 5000-10000 /month
Quantta Analytics,Web Development, 7000 /month
GrowBig Digital,Marketing, 10000 /month
UFaber Edutech,Business Development (Sales), 10000-12000 /month
DeepLogic AI,Graphic Design, 10000 /month +  Incentives
Eddygoo Media Tech Private Limited,Mobile App Development, 15000 /month
YBox Media LLP,React Native Development, 7000-10000 /month
Axium Business Solution,Internet Of Things (IoT), 7500-13000 /month
OST Placement Search Private Limited,Python/ML Development, 10000 /month
Square Panda,Marketing, 8000 /month
IComply Lifescience Solutions Pvt Limited,Web Development, 10000-12000 /month
Verd Media,Web Development, 7000 /month
Sensor Equation,Software Automation Development, 4000-8000 /month
Wonderhood,Articulate 360 Development, 15000 /month
Stamurai,Business Development (Sales), 10000 /month +  Incentives
Delve Serwiz Private Limited,Graphic Design, 15000-18000 /month
Dimentics Info Tech Private Limited,Subject Matter Expert (Electrical Engineering), 12000-14000 /month
Squalas,Mulesoft & API, 9000-18000 /week
Sigaram Technologies,Business Development (Sales), 20000 /month +  Incentives
Dough One Sources Private Limited,Business Development (Sales), 7500 /month
Dimentics Info Tech Private Limited,Subject Matter Expert (Chemical Engineering), 12000-14000 /month
Dimentics Info Tech Private Limited,Subject Matter Expert (Mechanical Engineering), 12000-14000 /month
SkillCounty,Data Science (Audio/Video Data & Machine Learning), 5000-10000 /month
Āroka,Graphic Design, 8000-15000 /month
Blossom Abroad,Web Development, 6000 /month
MyMegaminds,Academic Content Writing (CS), 10000 /month
MyMegaminds,Academic Content Writing (R Language), 10000 /month
TeachEdison Solutions Private Limited,Mobile App Development, 15000 /month
Sanket Jain,Web Development, 12500-18000 /month
FinsightAI Technologies Private Limited,Python Web Scraping, 6000-12000 /month
PDR,Business Development (Sales), 6000 /month +  Incentives
Impactional Games Private Limited,HTML5 Game Development, 18000-25000 /month
Infuzex Ventures,Web Development, 10000 /month
Radiant Cloud Technology Solutions,Application Development, 7000-10000 /month
Fostr Reads,Mobile App Development, 8000-12000 /month
Wingify Software,Web Development, 15000 /month
OkayG,Cloud Computing, 7000 /month
OkayG,Linux Development, 10000 /month
Househat,Business Development (Sales), 6500 /month
Guni,Graphic Design, 5000-8000 /month
TheDigitalShift,Business Development (Sales), 7500 /month
Bytelearn,Software Engineering (Automation), 20000 /month
Eassy Innovative Services Private Limited,Marketing, 15000 /month
Tag8,Backend Development, 6000 /month
IOTA ESOLUTION PRIVATE LIMITED,QA Engineering, 6000 /month
PRIXLED,Django Rest Framework Development, 6000-8500 /month
Mad Over Social,Marketing, 5000-9000 /month
SkillSanta,Counselling, 4000-9000 /month
Regime Tax Solutions Private Limited,Java Development, 15000 /month
A Plus Topper,Graphic Design, 10000 /month
Aarnav Softech,Web Development, 7000-12000 /month
Falconnect Technologies Private Limited,Graphic Design, 5000-10000 /month
Streamoid Technologies Private Limited,CLO3D Designing, 25000 /month
SkillTern,Business Development (Sales), 3000-8000 /month
REPOZITORY TECHNOLOGIES PRIVATE LIMITED,Web Development, 20000 /month
Airblack,iOS App Development, 20000 /month
Saraf Tech,Web Development, 15000 /month
Kailash Devrari,Mobile App Development, 15000-25000 /month
SalesEdge,Business Development (Sales), 15000-17000 /month
Thrifty Software Private Limited,Flutter Development, 8000-12000 /month
Sigaram Technologies,Web Development, 15000 /month
Offql,Android App Development, 6000-10000 /month
Rivigo Services Private Limited,Graphic Design, 6000 /month
Learning Paths (The Bag),React Application Development, 5000-7000 /month
Learning Paths (The Bag),MERN Stack Application Development, 5000-10000 /month
Newton School,Marketing, 6000 /month
OyeLabs,Software Quality Assurance Engineering, 5000-10000 /month
Abinas Patnaik,Python Engineering, 18000-25000 /month
GameLoot,Marketing, 6000-8000 /month
YBox Media LLP,React.js Development, 7000-10000 /month
Obliq Labs,ReactJS development, 15000 /month
Manthan Creations,Graphic Design, 6000-8000 /month
Grroom,Flutter Development, 20000 /month
The Digital Leads,Graphic Design, 8000 /month
Redwine Digital,Graphic Design, 3000-6000 /month
Axium Business Solution,Python Development, 8000-12000 /month
Axium Business Solution,Robotics, 7500-12000 /month
MapOut,MERN Stack Development, 15000-20000 /month
Akshat Tambi,Graphic Design and Video Editing, 6000-10000 /month
Seven X Tech,Graphic Design, 8000-10000 /month
Spectra Cube,Web Development, 7500 /month
WinSple LLC,Web Development, 10000 /month
OyeLabs,Android App Development, 5000-10000 /month
Eskape,Marketing, 10000 /month
OkayG,Web Designing, 7000 /month
OkayG,Node.js Development, 7000 /month
Valerio Electric Private Limited,Backend Development, 15000-20000 /month
Blackcoffer,Web Development, 8000-12000 /month
Broxer Technologies Private Limited,WordPress Setup & Customization, 8000-15000 /month
Hospitality Minds,Web Development, 5000-7000 /month
FynTune Solution Private Limited,Quality Testing, 6000-8000 /month
Airblack,Graphic Design, 10000 /month
Thrifty Software Private Limited,Web Development, 10000-15000 /month
Himalaya Labs,Web3 Coding Development & Dapps Creation, 7000 /month
Himalaya Labs,Blockchain Smart Contracts & Web Development, 7000 /month
CADD Centre,AutoCAD Interior Design, 6000 /month
Ind-Aust Maritime Private Limited,Product Marketing, 8000-12000 /month
Alban Communications India Private Limited,Graphic Design, 10000-15000 /month
Kiron Servepreneurs Private Limited,Marketing, 10000 /month
Garg Fuel Centre,Business Development (Sales), 10000 /month +  Incentives
Renao Manufacturing Private Limited,Mechatronics Engineering, 15000 /month
DIATOZ Solutions,ReactJS development, 15000 /month
Seven Pillars Design Studio,Graphic Design, 7000-10000 /month
ExpertCache Technologies Private Limited,Web Development, 10000-15000 /month
Lodha Ivory Technologies,Marketing, 12000 /month
CTWS Software & Technology,WordPress Development, 3000-6000 /month
Lodha Ivory Technologies,Graphic Design, 15000 /month
Konnect Digital Solutions,Graphic Design, 6000 /month
Webknot Technologies Private Limited,Web Development, 8000-15000 /month
Shivtech Marine Control Systems & Services Private Limited,Business Development (Sales), 10000-18000 /month
Radiant Cloud Technology Solutions,Cloud Engineering & DevOps, 7000-10000 /month
Ricavi Media,Graphic Design, 8000 /month
Hypersonix Incorporation,Software Engineering (Python Development), 30000 /month
Medmonx Enterprises Private Limited,Business Development (Sales), 10000 /month
Olive And Gray,Web Development, 6000 /month
Lodha Ivory Technologies,Web Development, 12000 /month
Ohfound Tech,Graphic Design, 10000 /month
Miraya Wealth Advisors Private Limited,Graphic Design/Animation, 5000-10000 /month
Dcoder,Web Development (ReactJS), 8000-10000 /month
Asymmetric Technologies Private Limited,Graphic Design, 5000-10000 /month
YMedia,Graphic Design, 7000-10000 /month
Aim2Excel,Graphic Design, 3000-7000 /month
Rebel Foods Private Limited,Graphic Design, 10000 /month
Weetaan,Graphic Design, 15000-20000 /month
Techinnovadors,Graphic Design, 3000-7000 /month
Weetaan,Web Development, 3000-6000 /month
Make My Vid,Business Development (Sales), 8000 /month
Saifive (Anandacharam Group),Marketing, 8000 /month
KUKbit Software Lab,AWS Cloud Management, 17000 /month
Crimson Cobalt,Web Development, 10000 /month
Stellarflux,Web Development, 6000-12000 /month
Seekapp,Flutter And Firebase Development, 15000 /month
UMM Digital,Graphic Design, 8000-10000 /month
Carrier Solution,Web Development, 7000 /month
Carrier Solution,Mobile App Development, 9000 /month
Codeyoung,Marketing, 15000 /month
Kidaura Innovations,Flutter App Development, 8000-10000 /month
Kidaura Innovations,Web Development, 10000 /month
Intelizon Systems,Web Development, 8000-10000 /month
Terobots Enterprise AI,Business Development (Sales), 8000 /month
Last Local App Solutions,Graphic Design, 7500-15000 /month
Ohfound Tech,Business Development (Sales), 10000 /month
Thrifty Software Private Limited,Mobile App Development, 8000-12000 /month
Third Origin LLC,QA Analysis, 10000 /month
Think Gestalt,Graphic Design, 6000-8000 /month
Dealfind,Web Development, 4000-6000 /month
Arcitech,Graphic Design, 5000-10000 /month
Delhi Kids Fashion Week,Business Development (Sales), 4000-7000 /month
Imperial International Sports Academy (IISA),Information Technology, 8000 /month
Winuall,Customer Interaction, 7000 /month
Kaarwan,Business Development (Sales), 8000-15000 /month
Exam-Practice,Web Development, 15000 /month
Kan Innovations,Game Development, 8000 /month
Parallel Plaids Uniforms Private Limited,Business Development (Sales), 12000 /month +  Incentives
Last Local App Solutions,Graphic Design, 5000-10000 /month
Avivo Media Private Limited,Graphic Design, 7000-10000 /month
Property Services,Business Development (Sales), 7000 /month +  Incentives
Turnip Innovations,Marketing, 15000 /month
Mirraw Online Services Private Limited,Web Development, 6000 /month
Samantechnosys,Web Development, 8000 /month
LeadSquared,Business Analysis, 20000 /month
LOFO Services Private Limited,Business Development (Sales), 7000 /month
AdaptNXT Technology Solutions,Business Development (Sales), 5000-7000 /month
Play Shifu,Business Development (Sales), 6000 /month
I-Record Infotech Solutions Private Limited,Marketing, 10000-14000 /month
Rahul Raghuwanshi,Full Stack Development, 15000 lump sum
Xtreme Technologies,Front End Development, 15000-25000 /month
Orangefox,Business Development (Sales), 4000-8000 /month
Wonderhood,Web Development, 25000-35000 /month
Orangefox,Graphic Design, 3000-7000 /month
SplitMirror Picturez,3D Modeling & Texturing, 6000 /month
AUMHUM,Front End Development - Vue.js, 15000 /month
Universal Adventures,Graphic Design, 3000-7000 /month
TruEd Consulting Private Limited,Business Development (Sales), 13000 /month
Stoppress Communications,Graphic Design, 8000 /month
Rajasthan Studio,Graphic Design, 10000 /month
Expert Construction Co.,Mobile App Development, 8000 /month
Daffodil Health,UX/UI & Graphic Design, 8000 /month
Bridcodes Global Private Limited,Laravel Development, 4000-7000 /month
Cosy Designs (OPC) Private Limited,Marketing, 6000-10000 /month
The Entertainment Factory,Creative Design, 8000 /month
The SMarketers,Business Development (Sales), 10000 /month
The SMarketers,Graphic Design, 10000 /month
Webcube Infotech,Data Science (AI/Machine Learning & NLP), 6000 /month
F-GRADE GLOBAL SERVICES PRIVATE LIMITED,Web Development, 8000 /month
CSZR,Solidity Development, 10000-15000 /month
VsnapU,Graphic Design, 4000-7000 /month
Divija Chokhani,Graphic Design, 10000 /month
A-Dot Creation,Content Development (HTML CSS BOOTSTRAP JS), 10000-15000 /month
Karma Management Global Consulting Solutions Private Limited,Business Development (Sales), 10000-15000 /month
Karma Management Global Consulting Solutions Private Limited,Business Development (Sales), 10000-15000 /month
FULL Creative,System Engineering, 11400 /month
Supl.ai,Executive Assistance, 10000 /month
One Stone,Full Stack Development, 5000-10000 /month
Prolincur Technologies,Three.js Development (Web Front-end), 10000 /month
Dcoder,Backend Development (Node.js), 8000-10000 /month
Target100 Years,Mobile App Development, 7000-10000 /month
Stockarea,Business Development (Sales), 12000-18000 /month
IncRevenue,Front End Development, 10000-15000 /month
Beryl India,Graphic Design, 10000 /month
Emoolar Technology Private Limited,Mobile App Development, 15000 /month
Third Origin LLC,Python Development, 10000 /month
Troopr,QA Analysis, 15000 /month
Magnox Technologies Private Limited,Web Development, 15000-25000 /month
Lead Mines Media,Marketing, 8000 /month
Lead Mines Media,Business Development (Sales), 8000 /month
Techma IT Services Private Limited,Business Development (Sales), 11000-15000 /month
Donut Delights,Mobile App Development, 10000 /month
Shivaakriti Creations Private Limited,Graphic Design, 8000-12000 /month
Augmentastic Private Limited,Graphic Design, 5000-10000 /month
Indiefact,Graphic Design, 10000 /month
Cyber Flow,Web Development, 5000-10000 /month
Lightning Infotech Consulting Services,Web Development, 10000 /month
1Only Host,Mobile App Development, 3000-7500 /month
Supero Software,Node.js Development, 10000 /month
Rodeo Travel Technologies,Web Development, 8000 /month
EnR Consultancy Services,Full Stack Development, 3000-8000 /month
EnR Consultancy Services,WordPress Development, 1000-6000 /month
EnR Consultancy Services,Graphic Design, 3000-8000 /month
LightVue,Web Development, 4000-6000 /month
LightVue,Product Management, 8000-12000 /month
Āroka,Business Development (Sales), 8000-12000 /month
Interpret Media,Graphic Design, 5000-7000 /month
Cyber Saga,Mobile App Development, 25000 /month
Arctic Devs,Web Development, 7000 /month
ACVE Management Solutions,Graphic Design, 6000 /month
Vayuz Technologies Private Limited,Android App Development, 10000 /month
The Wise Idiot,Graphic Design, 2500-7000 /month
Brandquest,Android App Development, 7000 /month
Parent Protect,Full Stack Development, 6000-12000 /month
Workafy Technologies Private Limited,Marketing, 4000-6000 /month
ET Mannschafft,Business Development (Sales), 8000-15000 /month
The Bombay Digital Company,Graphic Design, 8000 /month
Qrata,Graphic Design, 6000 /month
Plush Ink,Web Development, 4000-6500 /month
Strux,Web Development, 10000 /month +  Incentives
Strux,Graphic Design, 10000 /month +  Incentives
Shikhar Agrawal,Angular Development, 3000-6000 /month
Shikhar Agrawal,Django BE Development, 3000-6000 /month
Nyamah Jewelry,Marketing, 3000-6000 /month
Inaiyathalam,Web Development, 8000-10000 /month
Cloudanix,Graphic Design, 10000 /month
Cloudanix,Web Development, 12000 /month
Daten & Wissen Private Limited,Business Development (Sales), 5000-10000 /month
Finstreet,React/React.js Development, 10000 /month
DIBC,Graphic Design, 5000-10000 /month
Gumstack,Web Development, 20000 /month
Moontropy Private Limited,React Native Development, 12000-20000 /month
Alorb Technologies Private Limited,Business Development (Sales), 5000-6000 /month
Tech Wishes Solutions,Graphic Design, 7000 /month
"NCFlexe, IIT Kanpur",Java Development Engineering, 10000 /month
Landscape Outsource Marketing Private Limited,Business Development (Sales), 15000 /month
Camp K12,Teaching (Coding), 25000-35000 /month
Camp K12,Teaching (JavaScript - International), 20000-30000 /month
Techniek,ReactJS development, 16000 /month
Kakcho,Marketing, 8000-10000 /month
MapOut,Operations And Business Development, 15000-25000 /month
Hind Technologies,Business Development (Sales), 10000 /month +  Incentives
Vruksh Ecosystems,Web Development, 5000-10000 /month
CamCom,Data Annotation/Collection, 6000 /month
Webknot Technologies Private Limited,Mobile App Development, 8000-15000 /month
ISimplexity,Web Development, 10000-20000 /month
Novoto,Business Development (Sales), 7500 /month
Possibillion Software Technologies Private Limited,Full Stack Development (MERN), 10000-12000 /month
Binary Numbers,Web Development (React or Vue.js), 10000 /month
ThrivingZen (OPC) Private Limited,Full Stack Development, 10000-20000 /month
ThrivingZen (OPC) Private Limited,Product Management, 15000-25000 /month
UFaber Edutech,Marketing, 10000 /month
Azea,Business Development (Sales), 5000-10000 /month
Global InfoCloud Private Limited,Graphic Design, 10000-15000 /month
ELSA Corporation,Business Development (Sales), 25000 /month
Falconnect Technologies Private Limited,Web Development, 5000-10000 /month
BK Management Solutions Private Limited,Business Development (Sales), 10000 /month
Innovators And You,Business Development (Sales), 6000-10000 /month
Seventy Event Media Group,Graphic Design, 7000-12000 /month
HelpNow,Flutter Development, 10000 /month
Infplus Solutions Private Limited,Graphic Design, 7000 /month
Uipro Corporation,.NET Development, 8000-15000 /month
"NCFlexe, IIT Kanpur",Mobile App Development, 10000 /month
"NCFlexe, IIT Kanpur",Web Development, 10000 /month
OSI Systems Private Limited,Web Development, 20000 /month
Tamasha,Web Development, 10000 /month
Masterji,Web Development, 7000 /month
ND Commerce,Marketing, 10000 /month
Hertzsoft Technologies Private Limited,MEAN Stack Development, 20000 /month
Clear Job,Business Development (Sales), 6000 /month
Bobble Keyboard,Cyber Security, 15000 /month
Qollabb EduTech Private Limited,Marketing, 10000 /month
Bozobaka Labs Private Limited,Mobile App Development, 15000-25000 /month
LEAD School,Employer Branding, 10000 /month
Selekt,Software Testing, 10000 /month
Wobot Intelligence Private Limited,Front End Development, 7000 /month
Finetic Digital Interactive,Unity3D/Three.js VR Game Development, 13000 /month
Acept One MediaWorks Private Limited,Graphic Design, 5000-6000 /month
AT&T Software LLC,Web Development, 7000 /month
Security Software & Solutions LLP,Blockchain Development, 15000-25000 /month
Yebelo Technology,Java Development, 10000 /month
TechKaTech,Business Development (Sales), 7000 /month
Yebelo Technology,Front End Development, 10000 /month
Conquer Education Group,Mobile App Development, 7000 /month
Regime Tax Solutions Private Limited,Python/Django/Pandas, 15000 /month
Entrepreneur Growth Lab (OPC) Private Limited,Web Development, 5000-10000 /month
Weberr,Web Development, 10000 /month
Bizmarvel,Flutter Development, 8000-12000 /month
AT&T Software LLC,Web Development, 7000 /month
Vikalp India Private Limited,Academic Relationship Management, 7000-9000 /month
Awaywegoo Travel & Languages Private Limited,Business Development (Sales), 8000 /month
Overtures Infotech,Web Development, 10000 /month
Regime Tax Solutions Private Limited,Angular Development, 15000 /month
Round Tree Hospitality LLP,Business Development (Sales), 6000 /month
SplitMirror Picturez,2D Vector Character Art, 6000 /month
Futuryze Digital,Graphic Design, 15000 /month
Trikolaa Tech,Business Development (Sales), 4000-6000 /month
Eazr Digipayments Private Limited,Marketing, 15000-25000 /month
SqM Technologies,FPGA RTL Design, 10000 /month
Dhanguard LLC,PHP Development, 10000-20000 /month
Blub World,Graphic Design, 6000-11000 /month
DigiAdda,WordPress Development, 10000 /month
Zattire,Graphic Design, 3000-8000 /month
MVSD CO,Graphic Design, 10000 /month
GMoney Private Limited,Graphic Design, 10000 /month
Vaultboard Consulting Private Limited,Full Stack Development, 15000 /month
Kamlamrit,Graphic Design, 8000 /month
SmartQ - Bottle Lab Technologies Private Limited,Business Development (Sales), 15000 /month
Concept Hospitality Private Limited (The Fern Group Of Hotels),Marketing, 10000 /month
Purple Tutor,Graphic Design, 7000 /month
Namosri Ventures Private Limited,Marketing, 7000 /month
Stockarea,Marketing, 10000-15000 /month
SlideUpLift,Graphic Design, 8000-10000 /month
Enable Careers,Information Technology, 10000 /month
DataVinci Private Limited,Web Development, 10000 /month
Sea Lord Entertainment,Brand Management, 2000-7000 /month
Shadovein,Graphic Design, 3000-6000 /month
Bhakti Mehta,Graphic Design, 6000 /month
Paarami Digital Consulting,Web Development, 8000 /month
Docwithyou,Web Development, 2000 /week +  Incentives
Fedbank Financial Services Private Limited,Graphic Design, 12000-22000 /month
Solera Life Science Private Limited,Mobile App Development, 15000-20000 /month
Solera Life Science Private Limited,MERN Stack Development, 15000-20000 /month
Solera Life Science Private Limited,Web Development, 15000-20000 /month
Wild Voyager Private Limited,Graphic Design, 3000 lump sum
Bhattacharjee Solutions,Mobile App Development, 7000 /month
Native Developers,Mobile App Development, 8000-12000 /month
Vaultboard Consulting Private Limited,Web Development, 10000 /month
Prodeti Technologies,Mobile App Development, 5000-8000 /month
Scrrum Labs,Angular 6+ Development, 6000-10000 /month
Pcds Infotech,Graphic Design, 5000-8000 /month
ADYOB Technologies Private Limited,Business Development (Sales), 10000 /month
Travel Spirit International,Graphic Design, 10000 /month
TeamLease Regtech Private Limited,.NET Development, 7000-10000 /month
Growthix Media,Graphic Design, 5000-6000 /month
Cogent Web Services,Game Development, 10000 /month
Perfect Web Solutions,Graphic Design, 4000-7000 /month
Zuneeue Technologies,Graphic Design, 7000 /month
Cogent Web Services,Android App Development, 6000 /month
Group Futurista,Event Management, 10000-12000 /month
Cogent Web Services,Flutter Development, 6000 /month
SRS Digimind,Web Development, 15000-20000 /month
Nimble-Q,Teaching (Python Development), 6000 /month
EternalBlox Solutions,Graphic Design, 10000 /month
Shahwebsetters,Mobile Gaming, 8000 /month
Logion Solutions,Graphic Design, 8000 /month
Alfalabs Technologies,Test Automation With Selenium, 10000 /month
Animation Bee,Web Development, 9000 /month
SlideUpLift,Graphic Design, 8000-10000 /month
MedTel,Business Development (Sales), 8000-10000 /month
Softusvista,Civil Engineering, 8000 /month
MB Softech Consultants,Web Development, 5000-7500 /month
TheDigitalShift,Mobile App Development, 7500 /month
Exa Mobility India Private Limited,Graphic Design, 5000-10000 /month
LUXICA,Interior Design, 10000-12000 /month
TPF Technologies Private Limited,Game Development (Unity 3D), 10000 /month
Panicle Tech,Web Development, 7000-12000 /month
QuoDeck Technologies Private Limited,MERN Stack Development, 18000 /month
TantraSoft Solutions (I) Private Limited,Angular Development, 10000 /month
SAND Network Private Limited,Graphic Design, 15000 /month
CITS Worldwide,Game Development, 20000 lump sum
CITS Worldwide,Android App Development, 20000 lump sum
CITS Worldwide,Flutter Development, 20000 lump sum
603 The CoWorking Space India,Community Management, 5000-10000 /month
Techosto,Mobile App Development (React Native), 8000-12000 /month
Techosto,Python Development, 8000-12000 /month
Amsterdam Takeout,Graphic Design, 7000 /month
Wobot Intelligence Private Limited,Computer Vision, 10000 /month
The Dreamer Designs,Graphic Design, 6000-10000 /month
Vamos Digital,Graphic Design, 10000 /month
Stirring Minds,Mobile App Development, 7000-12000 /month
Intellemo Adtech Private Limited,Graphic Design, 15000 /month
JK Ventures,Business Development (Sales), 3000-8000 /month
Feed Your Feed,Graphic Design, 6000-12000 /month
Sosocial International Private Limited,Graphic Design, 6000-7000 /month
InAmigos Foundation,Community Influencing, 1000-4000 /week
Valkyre Clothing,Graphic Design, 13000-15000 /month
Pumpkin Kart,Graphic Design, 7500-10000 /month
DigiPatang,Web Development, 10000 /month
UXINDIA,WordPress Development, 8000-10000 /month
UXINDIA,Marketing, 8000-10000 /month
BizReputations,PHP Development, 10000-15000 /month
Clothing And Merchandise,Mobile App Development, 10000 /month
SockSoho,Graphic Design, 8000-12000 /month
Progressive Care,Graphic Design, 8000 /month
ETark,Web Development, 15000 lump sum
Vegalmedia,Mobile App Development, 10000 /month
Evogue Media LLP,Graphic Design, 10000 /month
OneFin,Web Development, 20000 /month
Binary Numbers,Web Development, 20000 /month
MapOut,Backend Development, 15000-20000 /month
MapOut,Graphic Design, 20000-30000 /month
Wobot Intelligence Private Limited,Backend Development, 7000 /month
Skyhigh Technologies,Web Development, 6000 /month
MyValuePack Retail Private Limited,Mobile App Development, 15000 /month
Decoders Labs,Graphic Design, 3000-7000 /month
Stirring Minds,Business Development (Sales), 5000-10000 /month
Brandish Media And Entertainment,Mobile App Development, 10000 /month
FinsightAI Technologies Private Limited,Data Science/Python Development, 7000-14000 /month
NSL Impex Private Limited,Business Development (Sales), 12000 /month
IMumz,Graphic Design, 8000-10000 /month
Goodera,Growth Strategy (Business Analysis), 15000 /month
Rabbit Infotech LLP,Web Development, 5000-8000 /month
Rabbit Infotech LLP,Web Development, 3000-8000 /month
Hono,Web Development, 10000 /month
TantraSoft Solutions (I) Private Limited,Node.js Development, 10000 /month
Kankei Relationship Marketing Services Private Limited,Business Development (Sales), 12000-18000 /month
TantraSoft Solutions (I) Private Limited,Android App Development, 10000 /month
Racetech Solutions,PHP Development, 15000 /month
Great Place To Work Institute,Web Development, 15000 /month
The Stack Company,Marketing, 10000 /month
Nom,Business Development (Sales), 5000-9999 /month
Nu Payment Technologies Private Limited,Web Development, 7500 /month
Exchange4media Group,Event Management, 7000 /month
Ossum Technology,Ionic Cross-platform Development, 8000-12000 /month
Jetkool Exports India,Marketing, 12000 /month
Coding Junior,Flutter Development, 15000 /month
Wednesday Solutions,iOS App Development, 8000 /month
Wednesday Solutions,Android App Development, 8000 /month
FinsQ Professional Private Limited,Backend Development, 10000-12000 /month
Wednesday Solutions,React Development, 8000 /month
FinsQ Professional Private Limited,Web Development, 10000 /month
Moneytor,Web Development, 15000-25000 /month
NanoHealth,Graphic Design, 3000-8000 /month
Nirmal Textile,Mobile App Development, 5000-10000 /month
Master's Digital Photography School (MDPS),Business Development (Sales), 10000 /month
Bombay Blokes Digital Solutions LLP,Web Development, 10000 /month +  Incentives
Audi Mumbai West,Mobile App Development, 17000 /month
Prescribe,Mobile App Development, 10000 /month
Bombay Blokes Digital Solutions LLP,Graphic Design, 18000-22500 /month
Audi Mumbai West,Graphic Design, 10000 /month
Sud Goyal,React Native Development, 20000-30000 lump sum
Airowire Networks Private Limited,Web Development, 10000 /month
BallotBoxIndia,Graphic Design, 6000-12000 /month
BallotBoxIndia,Business Development (Sales), 6000-12000 /month
Kraft Education,Marketing, 8000-10000 /month
Kraft Education,Business & Marketing, 8000-10000 /month
Kraft Education,Business Management & Administration, 8000-10000 /month
Kowi Lifestyle Private Limited,React Native Development, 5000-8000 /month
One Stone,Mobile App Development, 5000-10000 /month
Blackcoffer,Manual Testing, 6000-12000 /month
M/S R B Uttam Sahil India Private Limited,CodeIgniter Development, 7000-10000 /month
Fyopro Services Private Limited,Marketing, 5000-10000 /month
Appscms Technologies Private Limited,Front End Development, 7000 /month
WeDevelopTech,Web Development, 15000-18000 /month
Global One Enterprises Private Limited,Graphic Design, 8000-10000 /month
Trion Technologies,Web Development, 8000 /month
Quartic.ai,Product Management, 15000-20000 /month
UpBrinGO,WordPress Development, 6000 /month
Verloop,Marketing, 10000 /month
OMIKRON TECHNOLOGIES PRIVATE LIMITED,Web Development, 10000 /month
Racetech Solutions,Web Development, 15000 /month
Spark Capital Advisors,Product Management, 10000 /month
Panache Entertainment,Graphic Design, 5000-10000 /month
RemoteStar,Business Development (Sales), 7500-15000 /month
Rancike Learning,JEE Advanced Questions Creation & Solving, 8000-10000 /month
Toddle,Web Development, 40000-50000 /month
SmartWinnr,Technical Support, 8000 /month
GrowBig Digital,Marketing, 10000-15000 /month
ThumbStack,Business Development, 5000-10000 /month
Convin,Web Flow Design, 10000-15000 /month
Kalpas Innovations Private Limited,Node.js Development, 7000 /month
Ninjaas Labs Private Limited,Web Development, 18000 /month
Praketa Technologies Private Limited,Backend Development (MySQL & Node.js), 8000-10000 /month
Blue Financial Technologies Private Limited,Mobile App Development, 10000-15000 /month
Solvio,Graphic Design, 8000-12000 /month
Solvio,Web Development, 12000-18000 /month
UniKwan Innovations Private Limited,Business Development (Sales), 8000-12000 /month
Bliss Gifts,Graphic Design, 10000-15000 /month
Smart E Touch,Web Development, 6000 /month
Udaan,Graphic Design, 10000 /month
Monkhub,Graphic Design, 5000-10000 /month
Monkhub,Java Development, 5000-10000 /month
Monkhub,Angular Development, 5000-10000 /month
Monkhub,Flutter Development, 5000-10000 /month
Whistling Woods International,Information Technology, 9000 /month
Vistas,Graphic Design, 15000 /month
Something New Around You! (Recco),Graphic Design, 10000-15000 /month
ComXR,Application Testing/QA, 8000-10000 /month
Juzlyktat,PHP Development, 8000 /month
Hear Us,Mobile App Development, 10000 /month
UENTREE,Business Development (Sales), 8000 /month +  Incentives
Coffee Hours Club,Mobile App Development, 10000 /month
Faclon,Product Management, 6000-10000 /month
Attereal Tech,Graphic Design, 5000-10000 /month
Fintech Global Center,Solution Architect, 20000-30000 /month
MBA Pathshala,Marketing, 5000-10000 /month
Fintech Global Center,Technical Support/Operations & Support Engineering, 25000-35000 /month
Project42 Labs,Software Testing, 8000 /month
Attereal Tech,Social Media Strategy, 6000-12000 /month
Mystro,DevOps Engineering, 5000-8000 /month
Aghori Media House Private Limited,Graphic Design, 10000-20000 /month
MentorBoxx,Marketing, 3000-7000 /month
ConnectingDots Infotech,Java Development, 8000-12000 /month
Beadcore Infotech Private Limited,Deep Learning, 15000 /month
Buddha Education Association Incorporation,Mobile App Development (Flutter), 11000 /month
Buddha Education Association Incorporation,Machine Learning, 6000 /month
Buddha Education Association Incorporation,Artificial Intelligence (AI), 12000 /month
Dream Bus,Web Development, 8000 /month +  Incentives
Globus Spirits Limited,Mobile App Development, 8000 /month
The Crafty Talk,Machine Learning, 8700 /month
MB Softech Consultants,Game Testing (Game Play)/Analyzing, 5000-7500 /month
GAMSYS Tech Private Limited,Graphic Design, 4000-8000 /month
Tectura India,ERP Trainee Consultant, 20000-25000 /month
Uipro Corporation,React Native Development, 7000-12000 /month
Filling The Blank,Graphic Design, 10000-15000 /month
Veda Enterprises,PHP/Laravel Development, 15000-20000 /month
SkillBit,Internet Of Things (IoT), 6000 /month
KUKbit Software Lab,Software Testing, 13000 /month
WIMD Technologies Private Limited,Web Development, 8000-15000 /month
Klimb.io,Product Management, 10000 /month
Klimb.io,Product Management, 10000 /month
Digipplus,Python Editing, 15000-18000 /month
Alphabt,Computer Vision (AI-Based), 10000 /month
Neemtree Internet Private Limited,Product Management, 10000 /month
Elite Forest Retreat Karjat,Business Development (Sales), 5000-10000 /month
Neemtree Internet Private Limited,Product Management, 10000 /month
TrustLogics,Software Testing, 12000 /month
CareerIvy,Business Development (Sales), 5000-10000 /month
Derma Matrimony,Mobile App Development, 25000-30000 /month
EduTekZila,Android App Development, 800-1500 /week
EduTekZila,Full Stack Development, 800-1500 /week
Minar Electric,Graphic Design, 5000-8000 /month
Just Get It,Web Development, 20000 /month
Neolen,Python/Django Development, 5000-10000 /month
Glitz Concepts & Designs,Graphic Design, 12000-18000 /month
Fart Magazine,Web Development, 7000 /month
Dwebbox,Quality & Assurance, 9000 /month
Ekal Sutra,Angular, 5000-10000 /month
Mathongo,Content Development (IIT-JEE), 10000 /month
Single Talent,Mobile App Development, 20000 /month
Chipmonk Technologies Private Limited,Backend Development, 14000-20000 /month
Makemelive Technologies LLP,Web Development, 8000 /month
Acept One MediaWorks Private Limited,Web Development, 6000-10000 /month
Juno Terra,Mobile App Development, 7000 /month
Linked List Technologies LLP,Mobile App Development, 7000-12000 /month
Pico Soft Solutions,Mobile App Development, 10000 /month
Craygency LLP,WordPress Development, 10000 /month
Three Arrow Technologies,Web Development, 8000-16000 /month
Roaming Dude Private Limited,WordPress Development, 8000-15000 /month
Ostello India Private Limited,Flutter Development, 3000-8000 /month
Karma Points,Blockchain Development, 7500 /month
TStock Mantra Investments,Business Development (Sales), 5000-9000 /month
COSGrid Systems Private Limited,Graphic Design, 10000-15000 /month
Arcatron Mobility Private Limited,Graphic Design, 15000-20000 /month
Decoders Labs,Mobile App Development, 4000-9000 /month
Cornerstone,Content Development (Mathematics), 8000 /month +  Incentives
Design Mantra Interiors Private Limited,Graphic Design, 8000-12000 /month
Touchstone Foundation (TSF),Flutter Development, 10000 /month
Ivan Software Private Limited (Design Interviews),Graphic Design, 15000 /month
I-Record Infotech Solutions Private Limited,Software Development, 7000-14000 /month
Modgenics Technology Solutions Private Limited,Web Development, 10000-15000 /month
I-Record Infotech Solutions Private Limited,Marketing, 9000-14000 /month
Earnest Fintech Limited,Full Stack Development, 5000-7500 /month
Shikhar Agrawal,Flutter Development, 3000-6000 /month
DoubtConnect Edtech Private Limited,Web Development, 15000 /month
Mumbai Property Exchange,Marketing, 12000-20000 /month
Salvador Solutions,Business Development (Sales), 10000 /month
KUKbit Software Lab,Java Development, 12000 /month
Velozity Global Solutions,Web Development, 10000-15000 /month
Paul & Bosky Mediaworks Private Limited,Web Development, 10000 /month
Housy,Flutter Development, 8000-12000 /month
Silicon Insiight,Web Development, 6000-10000 /month
Smartsys Techlabs LLP,Web Development, 12000 /month
OMG Labs,Web Development, 5000-9000 /month
ThrivingZen (OPC) Private Limited,Sustainability & Environment Research (SME), 8000-12000 /month
Ossum Technology,Laravel PHP Web Development, 25000 lump sum
Fielmente Business Advisors,Business Development (Sales), 10000 /month
Brandots Technologies,Graphic Design, 6000-10000 /month
Blackcoffer,Business Analysis, 5000-10000 /month
Anandpushp Technologies Private Limited,Web Development, 20000 /month
Tradinget,Mobile App Development, 20000 /month
Sud Goyal,Backend (Golang) Development, 5000-10000 /month
Group Futurista,Delegate Sales Management, 6000-9000 /month
Group Futurista,Event Production, 6000-10000 /month
Outshade Digital Media,Quality Assurance, 8000 /month
Group Futurista,Marketing, 6000 /month
Misui India,Web Development, 4000-7000 /month
TechStax Private Limited,Web Development, 10000 /month
Derma Matrimony,Web Development, 20000-25000 /month
Grapevine India,Marketing, 12000 /month
Vinciis,Graphic Design, 8000 /month +  Incentives
Exam Lounge,Mobile App Development, 6000-12000 /month
Intelliconnect Technologies LLP,Angular Programming, 6000-8000 /month
Crispy,Mobile App Development, 30000 lump sum
TheDigitalShift,Web Development, 7500 /month
The Kairos Pictures,Storyboard And Illustration Artist, 12000-15000 /month
InstaSell,Mobile App Development, 20000 /month
FACE Prep,Content Development (Coding), 8000 /month
InstaSell,Graphic Design, 10000 /month
Redpositive Service (OPC) Private Limited,Full Stack Development, 4000-6000 /month
Tecidexa Services Private Limited,Mobile App Development, 5000-8000 /month
CogniAble,ReactJS Development (API Integration), 10000 /month
HumanX,Business Development (Sales), 15000 /month
SkillTern,Graphic Design, 2000-7000 /month
Manjal,Mobile App Development, 5000-10000 /month
Eleven Technolab,Graphic Design, 5000-10000 /month
NSP ITES,Web Development, 14000 /month
Pristine InfoSolutions,Web Development, 5000-8000 /month
Kowi Lifestyle Private Limited,Web Development, 8000-12000 /month
Snras Systems,Aquaculture Engineering/Mechanical Engineering/Hydraulic Engineering/CFD, 7000 /month
Seekapp,Web Development, 15000 /month
Newton School,Marketing, 8000 /month +  Incentives
Dynamic Monks,Business Development (Sales), 7000 /month
Hardcaff,Business Development (Sales), 5000-10000 /month
Best Mom,Backend Development  (NodeJS - MERN), 6000 /month +  Incentives
Xtreme Technologies,Java Development, 15000-25000 /month
Kalam Institute,Marketing, 15000 /month
IESoft Technologies Private Limited,Angular Development, 20000 /month
TAFZS,DevOps/Cloud/AWS/Azure/Docker/Kubernetes Development, 10000 /month
Kartik Arora,Mobile App Development, 8000 /month
Prescribe,Graphic Design, 10000 /month
Veda Enterprises,Flutter Development, 15000-20000 /month
Ocula Group,Web Development, 20000 /month +  Incentives
Showboat Entertainment Private Limited,Graphic Design, 7000 /month
Fleksa,Software Testing, 7500-10000 /month
Ostello India Private Limited,Business Development (Sales), 8000-16000 /month
Siya Sadarangani,Business Development (Sales), 10000 /month +  Incentives
The Twelfth Man,Graphic Design, 10000-15000 /month
Velozity Global Solutions,Graphic Design, 10000-15000 /month
Robo Doodle Corp,Graphic Design, 2500-7500 /month
Gigart Solutions Private Limited,QA/Software Testing, 10000 /month
QUIQR HR Services,Marketing, 10000 /month
CrackMBAInterview,Product Management, 5000-10000 /month
Ashutosh Pandit,Web Development, 10000-20000 /month
Konverse AI,Web Development, 10000-15000 /month
Humming Sparrow Digital Solution Private Limited,React Native Development, 8000-12000 /month
Indgenous Blockchain Private Limited,Mobile App Development, 10000-20000 /month
Unicorn Vision,Web Development, 3000-7000 /month
Finance Lookup Advisors,Web Development, 10000 /month
Ostello India Private Limited,ReactJS development, 5000-10000 /month
Coin Storey (Hansis IT Supervision Private Limited),Web Development, 4000-7000 /month
Coin Storey (Hansis IT Supervision Private Limited),Web Development, 4000-7000 /month
Coin Storey (Hansis IT Supervision Private Limited),Mobile App Development, 4000-7000 /month
Thinklayer Minds Private Limited,Web Development, 15000-20000 /month
Electromotion E-vidyut Vehicles Private Limited,Mobile App Development, 5000-8000 /month
Ocula Group,Business Development (Sales), 15000-25000 /month
LenzGig,Marketing, 10000 /month
The Nail Couture,Marketing, 10000 /month
Geradeco Inovace Private Limited,Business Development (Sales), 7500 /month +  Incentives
Vacays Leisure Travel Private Limited,Graphic Design, 5000-10000 /month
K2 Engineers,Business Development (Sales), 6000 /month
Codersarts,ReactJS development, 10000-15000 /month
ASPA Global,Business Development (Sales), 7500-10000 /month
Thinklayer Minds Private Limited,AWS DevOps/Server Administration, 15000 /month
Edwisely,Subject Matter Expert (Computer Science), 25000 /month
HappSales Private Limited,Web Development, 9000-18000 /month
Vayuz Technologies Private Limited,Angular.js Development, 7000 /month
Vayuz Technologies Private Limited,React Native Development, 15000 /month
SnipThink Software Private Limited,Graphic Design, 7000 /month
Inland World Logistics Private Limited,Web Development, 8000-12000 /month
Flower Lab India,Business Development (Sales), 5000-8000 /month
Picostone,Web Development, 10000 /month
SimplyPeople,Business Development (Sales), 7000 /month +  Incentives
Blackcoffer,Data Engineering, 8000-15000 /month
Art Hill Advertising And Marketing,Graphic Design, 6000-10000 /month
Edwisely,Content Curation (Computer Science), 10000 /month
Artklim,Graphic Design, 5000-10000 /month
LAYC EDUCATION PRIVATE LIMITED,Business Development (Sales), 4000-8000 /month
"Edvora, Inc.",Web Development, 12000 /month
PeakPerformer,Product Management, 15000 /month
SoftEzi Solutions LLP,Mobile App Development, 7000 /month
EduTekZila,iOS App Development, 1000-2000 /week
Delhi Book Market,React Native Development, 17000 /month
Backprop Techologies,Graphic Design, 5000-10000 /month
MoLog Media & Advertising,iOS App Development, 7000 /month
9I Digital Services LLP,React Native Development (Backend Integration), 5000-8000 /month
Kan Innovations,Python Development, 8000 /month
A2ZE Data Services Private Limited,Business Development (Sales), 20000-30000 /month
Clime Scene,Graphic Design, 5000-6000 /month
Ostello India Private Limited,Node.js Development, 8000-15000 /month
ProtonAutoML,Software Engineering (Computer Vision), 12000-15000 /month
Supl.ai,Marketing, 10000 /month
TrueDim Technologies,Graphic Design, 7000 /month
Wikasta Business And Technical Solutions Private Limited,Graphic Design, 7500-12000 /month
Bambinos.Live,Sales - EdTech, 15000 /month
Planet Cellulloid Private Limited,Full Stack Development, 10000 /month +  Incentives
The Flames Of Fire Ministries,Graphic Design, 2000-7000 /month
ProtonAutoML,AI Engineering, 12000-15000 /month
Happax VR,Mobile App Development, 10000 /month
Mezchip,Python (Flask) Development, 6000 /month
Brain Tikka Creative Solutions,Graphic Design, 4000-8000 /month
Keeto,Marketing, 6000 /month
Zlen,Marketing, 7000 /month
SplitMirror Picturez,3D Organic Modeling & Sculpting, 6000 /month
Social Catalyst Private Limited,Graphic Design, 10000 /month +  Incentives
Edufied,DevOps Development, 5000-8000 /month
Zlen,Graphic Design, 7000 /month
SA Square Group,Marketing, 2500-7500 /month
Dhravya Technologies,Web Development, 7000-12000 /month
SmotectProgram,Graphic Design, 6000 /month
Kutuki,Graphic Design, 15000 /month
Bazigar Tech Private Limited,Android App Development, 5000-10000 /month
Ricavi Media,Business Development (Sales), 8000 /month
Beyond Red Ocean Consulting,Marketing, 15000 /month +  Incentives
EvoVolt Technologies,Game Development, 10000 /month
The Finance Story,Graphic Design, 7000 /month
HireIndians Infotech Private Limited,Digital Marketing, 5000-10000 /month
AccessAI,Graphic Design, 5000-7000 /month
GeekSynergy Technologies Private Limited,Mobile App Development (Flutter), 10000-12000 /month
Oaktree Bionics Healthcare Private Limited,Mobile App Development, 4000-7000 /month
Social Parindee Digital Marketing Agency Private Limited,Graphic Design, 8000 /month
ABP EVentures Private Limited,React Native Development, 16000 /month
AiHello,Graphic Design, 12000 /month
Janitri Innovations Private Limited,Marketing, 20000 /month
Cyber Saga,Web Development, 25000 /month
PromoDome Digital LLP,Web Development, 5000-8000 /month
GrowAgro,Mobile App Development, 10000-20000 /month
ADLUMINO Private Limited,Graphic Design, 10000 /month
Prakriti Textiles,Product Management, 10000 /month
Prakriti Textiles,Web Development, 10000 /month
DPL (Desi Premier League),Game Development, 12000 /month
DeNovo Group,Flutter Development, 18000 /month
Yogesh Prabhu,Web Development, 20000 /month
Edufied,Community Outreach, 5000-8000 /month
Al Murg Enterprises,Graphic Design, 6000 /month
Inovexic,Graphic Design, 5000-8000 /month
Techasoft Private Limited,Business Development (Sales), 6000 /month
Wagtail Technology,Business Development (Sales), 7000-14000 /month
Sonetel,Software Testing, 15000 /month
Cubesharp Developers,Business Development (Sales), 10000 /month
Bombsquad Digital Solutions,Graphic Design, 5000-7000 /month
TerraBlue XT,DevOps (AWS), 10000 /month
Innovaccer Analytics Private Limited,Events Marketing, 25000 /month
TerraBlue XT,Data Science (Advanced Python), 10000 /month
Tortoise Creative Incorporation,Full Stack Development, 10000 /month
The Multi Solutions Shop,Marketing, 10000 /month
Solar Industries India Limited,Computer Vision, 8000-15000 /month
Purple Tutor,Graphic Design, 7000 /month
Blynk,Mechanical Design Engineering, 10000 /month
Aghori Media House Private Limited,Web Development, 15000-20000 /month
DailyBrief,Product Management (Mobile App Development), 15000 /month
ISF Analytica & Informatica Private Limited,Marketing, 8000 /month
ISF Analytica & Informatica Private Limited,Web Development, 8000 /month
Xeno,CRM Marketing, 7500 /month
MapOut,Frontend Development, 15000-25000 /month
Support Guru,PHP Development, 6000 /month
NotifyVisitors,PHP Development, 5000-10000 /month
Appify Mobile Technologies,Web Development, 10000-20000 /month
Onelearning Edusphere Private Limited,Business Development (Sales), 7000 /month +  Incentives
TNT Watches,Mobile App Development, 10000-15000 /month
Nu Payment Technologies Private Limited,Product Management, 15000 /month
Talent500,Graphic Design, 15000 /month
Orca Studios,Graphic Design, 10000 /month
Strongarm Solutions,Mobile App Development, 15000 /month +  Incentives
Tripupp HR,Product Management, 8000 /month
4 Each Technologies,Business Development (Sales), 6000 /month +  Incentives
S7works,Sales Development, 10000 /month
Jabberwocky Studio,Social Media Marketing, 5000-8000 /month
Hostingstar,Web Development, 7000 /month
Grapevine India,Graphic Design, 12000 /month
Equinox Labs,Marketing, 6000 /month
IdeaPerfect Communication,Graphic Design, 10000 /month
Neha Murpana,Marketing, 8000 /month
XpertHunt,Web Development, 7500-12500 /month
Finstreet,Web Development, 10000 /month
Finstreet,Node.js Development, 10000 /month
Finstreet,Graphic Design, 7000 /month
Finstreet,React Native Development, 10000 /month
Able Jobs,Graphic Design, 12000 /month
ABP EVentures Private Limited,Mobile App Development, 10000 /month
Gritsa Technologies,Marketing, 5000-10000 /month
XpertHunt,Graphic Design, 5000-10000 /month
XpertHunt,Business Development (Sales), 7000-12000 /month
Instadukan,Web Development, 10000 /month
XpertHunt,Mobile App Development, 10000-15000 /month
MindBowser Info Solutions Private Limited,Java/Spring Development, 15000 /month
TVM E-Learning,Graphic Design, 7000 /month
Luminar Media,Business Development (Sales), 10000 /month
DailyBrief,Software Testing, 18000-25000 /month
Avodha,Cyber Security, 6000 /month
Inspirion Digital Solutions Private Limited,Business Development (Sales), 15000 /month
Ace Technosys,Web Development, 10000 /month
EvueMe Selection Robot,Artificial Intelligence And Machine Learning, 3000-8000 /month
Accelus Robotics Private Limited,Business Development (Sales), 10000 /month +  Incentives
Carrrie,Full Stack Development (MERN), 5000-7000 /month
UpBrinGO,Graphic Design, 4000-6000 /month
Team Works,Business Development (Sales), 10000 /month +  Incentives
School Of Accelerated Learning,Marketing, 10000 /month
Team Works,Business Development (Sales), 10000 /month +  Incentives
Saraf Tech,Graphic Design, 16000 /month
SummentorPro Business Consultants,Sponsorship Management, 10000 /month +  Incentives
Techensefier Private Limited,Cartoon Illustration, 3000-8000 /month
Extrava Studytours Private Limited,Marketing, 8000-12000 /month
Nxt Quantum Technologies,App/Web UI/UX Design, 7000-12000 /month
SILVERSEVEN,Mobile App Development, 15000 /month
Make Me Pure,Graphic Design, 7000-8000 /month
SILVERSEVEN,Business Development (Sales), 15000 /month
Robocom International,Web Development, 3000-6000 /month
Nxt Quantum Technologies,Product Management (Growth), 7000-12000 /month
Inkoop,JavaScript Development, 15000 /month
ProtonAutoML,Web Development, 7000-12000 /month
VentureSky Business Development Private Limited,Graphic Design, 10000-15000 /month
Lifafa Tech Services Private Limited,Graphic Design, 15000 /month
ProtonAutoML,Marketing, 17000-21000 /month
Iraitech Innovations & Technologies Private Limited,Graphic Design, 7000-12000 /month
Vecros Technologies Private Limited,PCB & Circuit Design, 10000 /month +  Incentives
Albatross Media & Entertainment,Web Development, 8000-12000 /month
Way2Society,Web Development, 7000 /month
Pcds Infotech,Web Development, 10000-15000 /month
Surgeup Technologies Private Limited,Graphic Design, 15000 /month
SoluLab,ReactJS, 6000-10000 /month
SoluLab,Node.js Development, 6000-10000 /month
SoluLab,Blockchain Development, 8000-10000 /month
ForAll A Tech,ReactJS development, 3000-7000 /month
Sporty Guru,Web Development, 5000-10000 /month
Sporty Guru,Mobile App Development, 5000-10000 /month
Sporty Guru,Graphic Design, 5000-8000 /month
Quantum IT,Graphic Design, 8000-15000 /month
Extrava Studytours Private Limited,Marketing, 7000 /month
OyeLabs,Flutter Development, 5000-10000 /month
Riveyra Infotech Private Limited,Graphic Design, 5000-10000 /month
Marketing Czars,Marketing, 15000 /month +  Incentives
Indwell Retail Private Limited,Web Development, 10000 /month
OFA Fitness,Web Development, 10000-15000 /month
HappiMynd,Graphic Design, 5000-10000 /month
RayReach Technologies Private Limited,Front End Development, 15000 /month
GharChalo,Angular 11 Web Development, 10000 /month
GharChalo,Flutter Development, 10000 /month
Iraitech Innovations & Technologies Private Limited,Mobile App Development (React Native), 10000-18000 /month
SoCheers Infotech,Influencer Marketing, 10000-15000 /month
StartupTalky,Web Development, 6000-8000 /month
Goodera,Global Graphic Design, 10000-15000 /month
O C Tanner,Graphic Design, 10000 /month
Iraitech Innovations & Technologies Private Limited,Python/Django Development, 10000-18000 /month
Sterling Technolabs,Flutter Development, 4000-6000 /month
3rdi Technologies Private Limited,Game Development, 25000 /month
GharChalo,Node.js Development, 10000 /month
QA Solvers,Graphic Designing, 10000-12000 /month
Support Guru,Flutter Development, 10000 /month
Knitroot India Private Limited,Customer Relationship Management, 5000-7000 /month
StepOut,Fullstack Development, 8000-10000 /month
Codinix Consulting Services,Business Development (Sales), 10000-15000 /month
Reservefree Private Limited,Web Development, 4000-6000 /month
SuperNova,Business Development (Sales), 5000-10000 /month
Jai Kisan,Web Development, 10000 /month
People Combine Initiatives LLP,App Testing, 12000 /month
KoiReader Technologies,Data Annotation, 4000-8000 /month
Steora,Telemarketing, 20000 /month
Engati Technologies,Business Development (Sales), 22000 /month
Hodomojo (OSGRIP Technologies LLP),Flutter Development, 7500-14000 /month
HEART N DESIGN STUDIO,Business Development (Sales & Marketing), 6000-8000 /month
Engati Technologies,Sales Engineering, 22000 /month
Engati Technologies,Graphic Design, 22000 /month
Knimbus,Business Development (Sales), 5000-7000 /month
Fynzo,Mobile App Development, 5000-7000 /month
Revolo Infotech,Graphic Design, 7000 /month
Evelyn Learning System,Subject Matter Expert (Computer Science), 18000 /month
Techolution,React Native Development, 15000 /month
Pluto Ventures,Business Development (Sales), 6000-8000 /month
Live24/7,Mobile App Development, 10000 /month
Conflux Technologies Private Limited,Web Development, 10000 /month
Neeraj Sinha,Mobile App Development, 10000 /month +  Incentives
Mechatron Robotics,Teaching (Robotics & Arduino), 8000 /month
Trell,Graphic Design, 15000-20000 /month
AlgoSales,Web Development, 6000 /month
Lifedoot Trading Company,Business Development (Sales), 3000-8000 /month
1Only Host,Graphic Design, 4500-9500 /month
Whiz League,Marketing, 5000-7000 /month
Augmentr Ai,iOS Development, 10000 /month
Eduauraa Technologies Private Limited,App Testing, 8000 /month
TurboHire,Full Stack Development, 15000-20000 /month
Seekapp,Graphic Design, 5000-7000 /month
Spree Hospitality,Graphic Design, 6000 /month
Velozity Global Solutions,Web Development, 10000-15000 /month
One Rhino Technologies Private Limited,Mobile App Development, 6000 /month
Project Elga By Elga Roma,Backend Development, 12000-15000 /month
ORCHIDS International School,Event Management, 15000 /month
Tortalabz,DevOps Management, 7000 /month
Sweet Udaipur,Graphic Design, 8500 /month
Incentify,Blockchain Development, 5000-10000 /month
Volv Media,Marketing, 10000 /month
Transcend Consultancy,Business Development (Sales), 7000 /month
Ideastack,Business Development (Sales), 10000 /month
Trace Presence,Business Development (Sales), 4000-9000 /month
Nomadik Soul Private Limited (Destinio),Graphic Design, 10000 /month
Impactional Games Private Limited,Game Development, 12000-20000 /month
Quillhash,Ethereum Smart Contract Development, 15000-25000 /month
Parallel Plaids Uniforms Private Limited,Marketing, 14000 /month +  Incentives
The Bling Stores LLP,Graphic Design, 10000-15000 /month
Khadi Sadan,Shopify Development, 10000-15000 /month
MARRON,Graphic Design, 5000-8000 /month
DANIP,Web Development, 3000-7000 /month
IKIGAI MANAGMENT,Web Development, 6000-12000 /month
Yskool,Web Development, 8000-10000 /month
Wikasta Business And Technical Solutions Private Limited,Web Development, 7500-15000 /month
Testbook,Digital Event Management, 10000 /month
Quillhash,Project Management (Blockchain), 10000-20000 /month
Cloud4C Services Limited,Marketing, 10000-15000 /month
Logos Consulting Services,Frontend Software Engineering (React.js), 10000 /month
RightMark Solutions,Business Development (Sales), 15000 /month
Logos Consulting Services,Custom WordPress Theme Development, 10000 /month
Creatiwise,JavaScript Development (Chrome Extensions), 10000 /month
Newjaisa Technology Private Limited,Business Development (Sales), 12000 /month
SKA Enterprise,Web Development, 4000-6000 /month
MagicBerry House Private Limited,Web Development, 8000-10000 /month
Inkoop,Front End Development, 15000 /month
Hi Talent,Software Development, 1000-6000 /month
Rudralife,Graphic Design, 6000 /month +  Incentives
FNT Technologies Private Limited,Mobile App Development, 8000-16000 /month
Chahat Malik,Business Development (Sales), 8000-12000 /month
Magnox Technologies Private Limited,Mobile App Development, 20000-30000 /month
Jiffee Solutions,Graphic Design, 10000 /month
Live24/7,Web Development, 10000 /month
Logos Consulting Services,EDI Data (Logistics), 10000 /month
Adas International,Business Development (Sales), 6000 /month +  Incentives
Rootally AI,Flutter Development, 20000 /month
Craygency LLP,Digital Illustration And Graphic Design, 10000 /month
TJRA Retail (OPC) Private Limited,Front End Development & UI Design, 3000-6000 /month
Logos Consulting Services,Backend Software Engineering (Node.js), 10000 /month
Formyoula,Mobile App Development, 5000-10000 /month
Expertrons,Product Management, 15000 /month
Peritus Solutions P Limited,Business Development (Sales), 10000 /month +  Incentives
Incentify,Frontend Development, 5000-10000 /month
Digi Carotene,Web Development, 8000 /month
Appknox,Marketing, 10000 /month
Digibulls,Business Development (Sales), 7000-14000 /month
Zansys Technologies,Web Development, 10000 /month
Zansys Technologies,Business Development (Sales), 10000 /month
FrontRow,Graphic Design, 5000-8000 /month
UMO Design Foundation,Graphic Design, 5000-6000 /month
Ideamagix,Backend Development, 6000 /month
Kochiva,Marketing Communication, 5000-8000 /month
Nishkaera Financial Advisory And Wealth Management Private Limited,Front End Development, 4000-8000 /month
Golden Basil,Business Development (Sales), 11000 /month +  Incentives
Ideamagix,Full Stack Development, 6000 /month
Hermanos,Backend Web Development, 6000 /month
Sensor Equation,Web Development, 5000-10000 /month
HEU Technologies Private Limited,ReactJS development, 20000 /month
Hermanos,Full Stack Development, 6000 /month
Flipside Communications Private Limited,Graphic Design, 10000-15000 /month
SLOK Agro Biotech Private Limited,Mobile App Development, 6000 /month
EmployAnywhere India Private Limited,Product Design (Clean Energy), 10000-15000 /month
Ever Aspire Consulting,Marketing, 9000 /month
Digital Rush,Graphic Design, 6000 /month
Nextdot,Business Development (Sales), 5000-8000 /month
Meta Infotech Private Limited,Marketing, 8000-12000 /month
SLABS Engineering Private Limited,Structural Design Engineering, 8000 /month
Saffron Designs,Graphic Design, 8000 /month
Dotin Inc,Business Development (Sales), 3000 /week +  Incentives
Candid Conversations (Brandlogist),Podcast Hosting & Production, 5000-10000 /month
Twango,Web Development, 15000 /month
SG Technologies,Web Development, 8000 /month
Shivaakriti Creations Private Limited,Business Development (Sales), 9000-15000 /month
BlogSkill Academy,Business Development (Sales), 7000-12000 /month
Seeders Media LLP,Marketing, 10000 /month
Deskcount,Flutter Mobile App Development (Android & iOS), 7000 /month
KonfHub Technologies LLP,Python Development On AWS, 10000 /month
Cureck Technologies,Mobile App Development, 30000-40000 /month
Benchmark Six Sigma,Marketing, 30000 /month
Edulabtech Solutions Private Limited,Online Teaching (Coding), 5000-10000 /month
Velozity Global Solutions,Flutter Development, 10000-15000 /month
Newton School,Marketing, 6000 /month
Alchemist Marketing And Talent Solutions,Marketing, 10000 /month
Modgenics Technology Solutions Private Limited,MERN Stack Development, 10000-15000 /month
Ultish Technologies,Flutter Development, 5000-10000 /month
SARZE Publications,Graphic Design, 6000-8000 /month
Cyber Saga,Graphic Design, 20000-25000 /month
Social Neeti,Graphic Design, 11000-18000 /month
SJTech Solutions,Machine Learning, 4000-6000 /month
Dyeus,Business Development (Sales), 25000-35000 /month
Adbizit,Graphic Design, 7000 /month
Cosy Designs (OPC) Private Limited,Illustration, 3500 lump sum
Twango,Product Management, 15000 /month
Androcid,Flutter App Development, 15000 /month
The Test Tribe,Graphic Design, 6000-10000 /month
Wikasta Business And Technical Solutions Private Limited,Web Development, 10000-20000 /month
Newton School,Marketing, 6000 /month +  Incentives
Nothing.Health Private Limited,Shopify Design/ Development, 10000 /month
GIFOLA,Graphic Design, 10000 /month
INTEGRTR (CloudIntegrtr Software Services Private Limited),Graphic Design, 8000-15000 /month
Chimpandz Media LLP,Graphic Design, 6000 /month
Duo Polin Private Limited,Web Development, 4000-8000 /month
PeopleNorth Adcon (OPC) Private Limited,Business Development (Sales), 7000-10000 /month
Touchstone Foundation (TSF),Cloud Software Engineering, 10000 /month
KoiReader Technologies,Python Development, 5000-10000 /month
Zaggle Media,Graphic Design, 12500 /month
Deval Bhamare,Web Development, 2000 /week
QuadB,Business Development (Sales), 10000 /month
QuadB,Graphic Design, 10000 /month
KUKbit Software Lab,Front End Development, 2000 /week
KUKbit Software Lab,Web Development, 15000 /month
KUKbit Software Lab,Internet Of Things (IoT), 6000 /month
Ishan Roy,Web Development, 2000 lump sum
Improvians,CAD Design Engineering, 6000-8000 /month
Improvians,Embedded Design, 6000-8000 /month
Cron Labs,Business Development (Sales), 10000 /month
Ahimsa India,Graphic Design, 15000 /month
UpBrinGO,Business Development (Sales), 8000-10000 /month
LocoBuzz,ReactJS development, 7000-10000 /month
Agrilinks Data Technologies Private Limited,Front End Development (React), 7000 /month
DreamSavour EzSolutions LLP,Graphic Design, 7500 /month
RuDe Labs Pvt Ltd.,Content Writing (Environmental Science ), 10000 /month
Brightcom Group,Mobile App Development, 10000-20000 /month
Ideamagix,Node.js Development, 6000 /month
Ideamagix,PHP Development, 6000 /month
Sankov Solutions Private Limited,Web Development, 10000 /month
RealtyAI,Graphic Design, 10000 /month
Troibits Infotech,Business Development (Sales), 10000 /month +  Incentives
Troibits Infotech,Mobile App Development, 10000 /month
Gayatri Techno Services,Mobile App Development, 10000 /month
Stirring Minds,Growth Hacking, 4000-8000 /month
Bipolar Factory,Internet Of Things (IoT), 10000-15000 /month
Hono,NLP, 15000 /month
Quinence,Blockchain Development, 30000-40000 /month
Techdome Solutions Private Limited,Web Development, 5000-8000 /month
Biteful Consumer Products Private Limited,Graphic Design, 4000-7000 /month
Fight Forecaster,Web Development, 8000 /month
Twelve Dimension Proprietary Limited (Australia),Web Development, 10000 /month
Design Avenue,Graphic Design, 4000-6000 /month
SocialFaim,Marketing, 8000 /month
UFO Moviez India Limited,Marketing, 10000 /month
AppAvengers,Web Development, 1000-6000 /month
BookLeaf Publishing,Graphic Design, 5000-8000 /month
AezmoCorp Private Limited,Android App Development, 5000-10000 /month
Grow91,Business Development (Sales), 10000 /month
Cosy Designs (OPC) Private Limited,Graphic Design, 3000 lump sum
Organizein,PHP Development, 5000-6000 /month
Indian Influencer Network,Business Development (Sales), 12000 /month
Swick,Full Stack Development, 10000 /month
InGroups,Web Development, 8000 /month
Phurti - Instant Groceries,Web Development, 6000-10000 /month
Elecload India,Business Development (Sales), 8000 /month
Kowi Fashion Private Limited,Flutter Development, 3000-7000 /month
Agrilinks Data Technologies Private Limited,Mobile App Development, 10000 /month
GeekSynergy Technologies Private Limited,Web Development, 10000 /month
Gungun Erp Solution Private Limited,Web Development, 10000-20000 /month
SpandanWeavers Crafts Private Limited,Web Development, 6000-12000 /month
Centum,Web Development, 7000 /month
Skylon Plasmec,Business Development (Sales), 7000 /month
Indo Texnology Private Limited,Mobile App Development, 10000-15000 /month
BookEventz,Graphic Design, 5000-8000 /month
GharChalo,React Native Mobile Development, 12000 /month
YOLoud,Graphic Design, 4000-6000 /month
ETechCube,React Native & Javascript Development, 5000-10000 /month
Settyl,Full Stack Development, 3000-6000 /month
Ketto,Product Management, 20000 /month
Cendeux Services Private Limited,Web Development, 5000-10000 /month
TPF Technologies Private Limited,Android Development, 10000 /month
Ameha Technologies Private Limited,React/React-Native Development, 12000-15000 /month
Taaz ITSolutions,Mobile App Development, 4000-9000 /month
Codeb,Full Stack Software Development (Web And Mobile App), 8000 /month
Kruti Services (Division Of Kruti Software Consultancy Private Limited),Business Development (Sales), 4000-6000 /month
Arbunize Digital Media Private Limited,Blockchain Development, 7000-12000 /month
Acxiom Technologies,Artificial Intelligence (AI), 10000-15000 /month
Plush Ink,Email Marketing, 4500-8000 /month
Travel India By Car,Mobile App Development, 10000 /month
Vibencode Solutions,Frontend Development (Angular), 5000-10000 /month
Lo Faro Shop Private Limited,Business Development (Sales), 15000 /month
It-InCloud,Terraform-AWS Development, 20000 /month
DFYN Technologies,Mobile App Development, 15000 /month
Ebisu Technologies Private Limited,MERN Stack Development, 15000 /month
Gigs4Education,Technical Content Creation, 15000 /month
Salvation Games,Mobile Game Development, 2000-7000 /month
Softusvista,Mechanical Engineering, 8000 /month
Wikaad IT Systems,Blockchain Development, 5000-8000 /month
Exa Mobility India Private Limited,Mobile App Development, 5000-10000 /month
Zimozi Solutions Private Limited,Blockchain Development, 10000-15000 /month
AMIGO SOFTCOM LLP,Full Stack Development (MEAN/MERN Stack), 15000 /month
AMIGO SOFTCOM LLP,React Native Development (Android/iOS), 15000 /month
AMIGO SOFTCOM LLP,Kotlin Development, 15000 /month
Health Care At Home India Private Limited,iOS App Development, 5000-10000 /month
Datavista Solutions,Web Development, 10000 /month
GastroLab India Private Limited,Medical Technology (On-Field), 25000-30000 /month
Settyl,Mobile App Development, 8000-10000 /month
Creatiwise,Illustration Design, 8000-15000 /month
City Link Portal Private Limited,Marketing, 8000-12000 /month
Niyama Technologies,Mobile App Development, 5000-10000 /month
ZIGRAM,Data Science, 15000 /month
Engati Technologies,Business Development (Sales), 20000 /month
Innovalance Learning Systems,Subject Matter Expert (Computer Science), 12000 /month
ETechCube,Django Development, 4000-9000 /month
Wikaad IT Systems,Python Development, 5000-8000 /month
ZIGRAM,Engineering Operations, 15000 /month
PeakMind,Product Management, 10000-20000 /month
Atharva Infrastructures,Marketing, 6000 /month
Digital Pro Business Services Private Limited,Business Development (Sales), 12000 /month
Webknot Technologies Private Limited,ReactJS, 7000-14000 /month
Vibencode Solutions,Backend Development (Django), 5000-10000 /month
Smartsevak,Business Development (Sales), 7000 /month +  Incentives
Melio,Event Management (Online Competitions), 10000 /month
Qutrix Solution Private Limited,Mobile App Development, 9000-12000 /month
MediaTonix,Mobile App Development, 10000 /month
Qutrix Solution Private Limited,Web Development, 9000-12000 /month
Vishal Kapoor,Web Development, 7000 /month
Rooftop,Business Development (Sales), 10000 /month
StudyExperts,Programming, 4000-8000 /month
Pikkal & Co,PHP Development, 15000 /month
Think Technology Services,Technical Support, 7000-10000 /month
Avadesh B,Backend Development, 10000-20000 /month
Grape Town,Mobile App Development, 20000 /month
Nudron IoT Solutions LLP,Web Development, 14000-20000 /month
